po_office,state_name,lat,long
"Tucson, AZ",Arizona,32.2,-110.89
"San Diego, CA",California,32.81,-117.14
"Houston, TX",Texas,29.77,-95.39
"Austin, TX",Texas,30.31,-97.75
"Phoenix, AZ",Arizona,33.54,-112.07
"Fort Smith, AR",Arkansas,35.37,-94.38
"Los Angeles, CA",California,34.11,-118.41
"Indianapolis, IN",Indiana,39.78,-86.15
"Omaha, NE",Nebraska,41.26,-96.01
"Albuquerque, NM",New Mexico,35.12,-106.62
"Las Cruces, NM",New Mexico,32.34,-106.76
"El Paso, TX",Texas,31.85,-106.44
"Norfolk, VA",Virginia,36.92,-76.24
"Montgomery, AL",Alabama,32.35,-86.28
"Birmingham, AL",Alabama,33.53,-86.8
"Mobile, AL",Alabama,30.68,-88.09
"San Francisco, CA",California,37.77,-122.45
"Chula Vista, CA",California,32.63,-117.04
"Denver, CO",Colorado,39.77,-104.87
"Orlando, FL",Florida,28.5,-81.37
"Tampa, FL",Florida,27.96,-82.48
"Pensacola, FL",Florida,30.44,-87.19
"Fort Lauderdale, FL",Florida,26.14,-80.14
"Hollywood, FL",Florida,26.03,-80.16
"Miami, FL",Florida,25.78,-80.21
"West Palm Beach, FL",Florida,26.75,-80.13
"Columbus, GA",Georgia,32.51,-84.87
"Macon, GA",Georgia,32.84,-83.66
"Atlanta, GA",Georgia,33.76,-84.42
"Savannah, GA",Georgia,32.02,-81.13
"Boise, ID",Idaho,43.61,-116.23
"Springfield, IL",Illinois,39.78,-89.64
"Fort Wayne, IN",Indiana,41.07,-85.14
"Hammond, IN",Indiana,41.62,-87.49
"South Bend, IN",Indiana,41.68,-86.27
"Cedar Rapids, IA",Iowa,41.97,-91.67
"Sioux City, IA",Iowa,42.5,-96.39
"Des Moines, IA",Iowa,41.58,-93.62
"Kansas City, KS",Kansas,39.12,-94.73
"Wichita, KS",Kansas,37.69,-97.34
"Lexington, KY",Kentucky,38.04,-84.46
"Louisville, KY",Kentucky,38.22,-85.74
"Lafayette, LA",Louisiana,30.22,-92.03
"Baltimore, MD",Maryland,39.3,-76.61
"Detroit, MI",Michigan,42.38,-83.1
"Flint, MI",Michigan,43.02,-83.69
"Grand Rapids, MI",Michigan,42.96,-85.66
"Minneapolis, MN",Minnesota,44.96,-93.27
"Gulfport, MS",Mississippi,30.39,-89.07
"Jackson, MS",Mississippi,32.32,-90.21
"Kansas City, MO",Missouri,39.12,-94.55
"Springfield, MO",Missouri,37.2,-93.29
"Great Falls, MT",Montana,47.5,-111.29
"Las Vegas, NV",Nevada,36.21,-115.22
"Trenton, NJ",New Jersey,40.22,-74.76
"Santa Fe, NM",New Mexico,35.68,-105.95
"Albany, NY",New York,42.67,-73.8
"Buffalo, NY",New York,42.89,-78.86
"Rochester, NY",New York,43.17,-77.62
"Raleigh, NC",North Carolina,35.82,-78.66
"Greensboro, NC",North Carolina,36.08,-79.83
"Charlotte, NC",North Carolina,35.2,-80.83
"Fargo, ND",North Dakota,46.88,-96.82
"Grand Forks, ND",North Dakota,47.92,-97.07
"Cleveland, OH",Ohio,41.48,-81.68
"Toledo, OH",Ohio,41.66,-83.58
"Youngstown, OH",Ohio,41.1,-80.65
"Dayton, OH",Ohio,39.78,-84.2
"Tulsa, OK",Oklahoma,36.13,-95.92
"Lawton, OK",Oklahoma,34.6,-98.42
"Oklahoma City, OK",Oklahoma,35.47,-97.51
"Portland, OR",Oregon,45.54,-122.66
"Philadelphia, PA",Pennsylvania,40.01,-75.13
"Scranton, PA",Pennsylvania,41.4,-75.67
"Providence, RI",Rhode Island,41.82,-71.42
"Columbia, SC",South Carolina,34.04,-80.89
"Greenville, SC",South Carolina,34.84,-82.37
"Pierre, SD",South Dakota,44.37,-100.34
"Rapid City, SD",South Dakota,44.08,-103.23
"Nashville, TN",Tennessee,36.17,-86.78
"Memphis, TN",Tennessee,35.11,-90.01
"Amarillo, TX",Texas,35.2,-101.82
"Dallas, TX",Texas,32.79,-96.77
"Fort Worth, TX",Texas,32.75,-97.34
"Lubbock, TX",Texas,33.58,-101.88
"San Angelo, TX",Texas,31.45,-100.45
"Brownsville, TX",Texas,25.93,-97.48
"Corpus Christi, TX",Texas,27.71,-97.29
"Laredo, TX",Texas,27.53,-99.49
"Victoria, TX",Texas,28.82,-96.98
"San Antonio, TX",Texas,29.46,-98.51
"Waco, TX",Texas,31.57,-97.18
"Salt Lake City, UT",Utah,40.78,-111.93
"Alexandria, VA",Virginia,38.82,-77.09
"Newport News, VA",Virginia,37.08,-76.51
"Richmond, VA",Virginia,37.53,-77.47
"Roanoke, VA",Virginia,37.28,-79.96
"Spokane, WA",Washington,47.67,-117.41
"Seattle, WA",Washington,47.62,-122.35
"Tacoma, WA",Washington,47.25,-122.46
"Milwaukee, WI",Wisconsin,43.06,-87.97
"Madison, WI",Wisconsin,43.08,-89.39
"Casper, WY",Wyoming,42.83,-106.33
"Cheyenne, WY",Wyoming,41.15,-104.79
"Huntsville, AL",Alabama,34.71,-86.63
"Anchorage, AK",Alaska,61.18,-149.19
"Flagstaff, AZ",Arizona,35.19,-111.62
"Yuma, AZ",Arizona,32.68,-114.62
"Little Rock, AR",Arkansas,34.72,-92.35
"Fayetteville, AR",Arkansas,36.07,-94.16
"Santa Ana, CA",California,33.74,-117.88
"Fresno, CA",California,36.78,-119.79
"Sacramento, CA",California,38.57,-121.47
"Oakland, CA",California,37.77,-122.22
"San Jose, CA",California,37.3,-121.85
"Colorado Springs, CO",Colorado,38.86,-104.76
"Bridgeport, CT",Connecticut,41.19,-73.2
"New Haven, CT",Connecticut,41.31,-72.92
"Wilmington, DE",Delaware,39.74,-75.53
"Fort Myers, FL",Florida,26.63,-81.85
"Jacksonville, FL",Florida,30.33,-81.66
"Gainesville, FL",Florida,29.67,-82.34
"Tallahassee, FL",Florida,30.46,-84.28
"Valdosta, GA",Georgia,30.85,-83.28
"Honolulu, HI",Hawaii,21.32,-157.8
"Coeur d'Alene, ID",Idaho,47.7,-116.78
"Pocatello, ID",Idaho,42.88,-112.47
"Peoria, IL",Illinois,40.74,-89.61
"Chicago, IL",Illinois,41.84,-87.68
"Rockford, IL",Illinois,42.27,-89.06
"Evansville, IN",Indiana,37.98,-87.54
"Davenport, IA",Iowa,41.56,-90.6
"Topeka, KS",Kansas,39.04,-95.69
"Covington, KY",Kentucky,39.04,-84.51
"Bowling Green, KY",Kentucky,36.97,-86.44
"New Orleans, LA",Louisiana,30.07,-89.93
"Baton Rouge, LA",Louisiana,30.45,-91.13
"Alexandria, LA",Louisiana,31.29,-92.46
"Lake Charles, LA",Louisiana,30.21,-93.2
"Monroe, LA",Louisiana,32.51,-92.08
"Shreveport, LA",Louisiana,32.47,-93.8
"Portland, ME",Maine,43.66,-70.28
"Boston, MA",Massachusetts,42.34,-71.02
"Springfield, MA",Massachusetts,42.12,-72.54
"Ann Arbor, MI",Michigan,42.28,-83.73
"Kalamazoo, MI",Michigan,42.27,-85.59
"Lansing, MI",Michigan,42.71,-84.55
"Hattiesburg, MS",Mississippi,31.31,-89.31
"Jefferson City, MO",Missouri,38.57,-92.19
"Billings, MT",Montana,45.79,-108.54
"Helena, MT",Montana,46.6,-112.03
"Missoula, MT",Montana,46.87,-114.01
"Lincoln, NE",Nebraska,40.82,-96.69
"Reno, NV",Nevada,39.54,-119.82
"Concord, NH",New Hampshire,43.23,-71.56
"Camden, NJ",New Jersey,39.94,-75.11
"Newark, NJ",New Jersey,40.72,-74.17
"Syracuse, NY",New York,43.04,-76.14
"Fayetteville, NC",North Carolina,35.07,-78.9
"Greenville, NC",North Carolina,35.6,-77.37
"Wilmington, NC",North Carolina,34.21,-77.91
"Asheville, NC",North Carolina,35.57,-82.55
"Bismarck, ND",North Dakota,46.81,-100.77
"Akron, OH",Ohio,41.08,-81.52
"Cincinnati, OH",Ohio,39.14,-84.51
"Columbus, OH",Ohio,39.99,-82.99
"Allentown, PA",Pennsylvania,40.6,-75.48
"Harrisburg, PA",Pennsylvania,40.28,-76.88
"Pittsburgh, PA",Pennsylvania,40.44,-79.98
"Charleston, SC",South Carolina,32.79,-79.99
"Sioux Falls, SD",South Dakota,43.54,-96.73
"Chattanooga, TN",Tennessee,35.07,-85.26
"Knoxville, TN",Tennessee,35.97,-83.95
"Jackson, TN",Tennessee,35.63,-88.83
"Beaumont, TX",Texas,30.09,-94.14
"Plano, TX",Texas,33.05,-96.75
"Tyler, TX",Texas,32.33,-95.3
"Abilene, TX",Texas,32.45,-99.74
"Ogden, UT",Utah,41.23,-111.97
"Danville, VA",Virginia,36.58,-79.41
"Lynchburg, VA",Virginia,37.4,-79.19
"Yakima, WA",Washington,46.59,-120.53
"Charleston, WV",West Virginia,38.35,-81.63
"Huntington, WV",West Virginia,38.41,-82.43
"Green Bay, WI",Wisconsin,44.52,-87.99
"Pine Bluff, AR",Arkansas,34.21,-92.02
"Hartford, CT",Connecticut,41.77,-72.68
"Dover, DE",Delaware,39.16,-75.53
"Ocala, FL",Florida,29.19,-82.13
"Albany, GA",Georgia,31.58,-84.18
"Terre Haute, IN",Indiana,39.47,-87.38
"Frankfort, KY",Kentucky,38.2,-84.86
"Owensboro, KY",Kentucky,37.76,-87.12
"Worcester, MA",Massachusetts,42.27,-71.81
"White Plains, NY",New York,41.02,-73.76
"Durham, NC",North Carolina,35.98,-78.91
"Eugene, OR",Oregon,44.05,-123.11
"Medford, OR",Oregon,42.34,-122.85
"Salem, OR",Oregon,44.92,-123.02
"Erie, PA",Pennsylvania,42.13,-80.09
"Arlington, TX",Texas,32.69,-97.13
"Harrisonburg, VA",Virginia,38.44,-78.87
"Everett, WA",Washington,47.96,-122.2
"Eau Claire, WI",Wisconsin,44.82,-91.49
"Roswell, NM",New Mexico,33.37,-104.53
"Jacksonville, NC",North Carolina,34.76,-77.4
"Wichita Falls, TX",Texas,33.9,-98.52
"Jonesboro, AR",Arkansas,35.82,-90.69
"Vancouver, WA",Washington,45.63,-122.64
"Grand Junction, CO",Colorado,39.09,-108.55
"Reading, PA",Pennsylvania,40.34,-75.93
"Galveston, TX",Texas,29.3,-94.81
"Riverside, CA",California,33.94,-117.4
"Lafayette, IN",Indiana,40.41,-86.87
"Binghamton, NY",New York,42.1,-75.91
"Richland, WA",Washington,46.29,-119.29
"Modesto, CA",California,37.66,-120.99
"Temple, TX",Texas,31.1,-97.36
"Sierra Vista, AZ",Arizona,31.57,-110.32
"Paterson, NJ",New Jersey,40.91,-74.16
"Tuscaloosa, AL",Alabama,33.24,-87.54
"Roseville, CA",California,38.76,-121.29
"Bakersfield, CA",California,35.36,-119
"Boca Raton, FL",Florida,26.37,-80.11
"Santa Barbara, CA",California,34.43,-119.72
"Santa Rosa, CA",California,38.45,-122.7
"Redding, CA",California,40.57,-122.36
"Brunswick, GA",Georgia,51.9996347,-0.3064121
"East St. Louis, IL",Illinois,38.6268666,-90.159707
"San Juan, PR",Puerto Rico,18.384239,-66.05344
"McAllen, TX",Texas,26.204114,-98.2300605
"Pecos, TX",Texas,30.7857437,-102.8065415
"Manassas, VA",Virginia,38.7509488,-77.4752667
"Washington, DC",District of Columbia,38.8950982,-77.0363849
"Hagatna, GU",Guam,13.4748148,144.7516191
"Bay City, MI",Michigan,43.5962107,-83.8881711
"Marquette, MI",Michigan,46.4481521,-87.6305899
"Oxford, MS",Mississippi,34.3689929,-89.505933
"Cape Girardeau, MO",Missouri,37.304731,-89.5176418
"St. Louis, MO",Missouri,38.6254063,-90.190009
"New York City, NY",New York,40.7127281,-74.0060152
"Winston Salem, NC",North Carolina,36.0998131,-80.2440518
"Statesville, NC",North Carolina,35.7827676,-80.8873574
"Muskogee, OK",Oklahoma,35.6630196,-95.3927706
"Greeneville, TN",Tennessee,36.1631575,-82.8309861
"Alpine, TX",Texas,30.3602181,-103.6628596
"Del Rio, TX",Texas,29.357515,-100.8987707
"Midland Odessa, TX",Texas,31.8330508,-102.360544
"Burlington, VT",Vermont,44.4761601,-73.212906
"Martinsburg, WV",West Virginia,39.4562528,-77.9639604
"Fairbanks, AK",Alaska,64.837845,-147.716675
"Hot Springs, AR",Arkansas,34.5038393,-93.0552437
"Woodland Hills, CA",California,34.1684364,-118.6058382
"Panama City, FL",Florida,30.1586518,-85.6602936
"Fort Pierce, FL",Florida,27.4467056,-80.3256056
"Key West, FL",Florida,24.5548262,-81.8020722
"Athens, GA",Georgia,33.9597677,-83.376398
"Augusta, GA",Georgia,33.4709714,-81.9748429
"Champaign/Urbana, IL",Illinois,40.1157948,-88.241194
"Rock Island, IL",Illinois,41.4411786,-90.5766144
"Benton, IL",Illinois,37.9967163,-88.9200685
"London, KY",Kentucky,37.1283343,-84.0835576
"Greenbelt, MD",Maryland,39.004607,-76.8756838
"St. Paul, MN",Minnesota,44.9497487,-93.0931028
"Aberdeen, MS",Mississippi,33.8251139,-88.5436553
"Brooklyn, NY",New York,40.6526006,-73.9497211
"New Bern, NC",North Carolina,35.1068428,-77.0398762
"Salisbury, NC",North Carolina,35.6709727,-80.4742261
"Belcourt, ND",North Dakota,48.8429635,-99.7448161
"Minot, ND",North Dakota,48.23251,-101.296273
"Williamsport, PA",Pennsylvania,41.2411556,-77.0011096
"Johnston, PA",Pennsylvania,39.758427,-77.7549943
"Florence, SC",South Carolina,34.1984435,-79.7671658
"Aberdeen, SD",South Dakota,45.4649805,-98.487813
"Sherman, TX",Texas,36.2452294,-101.8858689
"Texarkana, TX",Texas,33.4466745,-94.0771483
"St. George, UT",Utah,37.1098772,-113.5832063
"Abingdon, VA",Virginia,36.7104018,-81.975249
"Charlottesville, VA",Virginia,38.029306,-78.4766781
"St. Thomas, VI",Virgin Islands,18.3429082,-64.9188997
"Clarksburg, WV",West Virginia,39.2806451,-80.3445341
"Elkins, WV",West Virginia,38.925927,-79.8466552
"Wheeling, WV",West Virginia,40.0639616,-80.7209149
"Beckley, WV",West Virginia,37.7781702,-81.1881557
"Bluefield, WV",West Virginia,37.2698395,-81.2223195
"Ventura, CA",California,34.2768173,-119.299657
"Lisle, IL",Illinois,41.801159,-88.0747687
"Paducah, KY",Kentucky,37.0833893,-88.6000478
"Bangor, ME",Maine,44.8016255,-68.7713289
"Greenville, MS",Mississippi,34.8576708,-82.3703431
"Tupelo, MS",Mississippi,34.2576067,-88.7033859
"Butte, MT",Montana,46.0131505,-112.536508
"Central Islip, NY",New York,40.7807275,-73.192822
"Saipan, MP",North Mariana Islands,15.1909825,145.746743
"Spartanburg, SC",South Carolina,34.9498007,-81.9320157
"Columbia, TN",Tennessee,35.6148165,-87.0338464
"St. Croix, VI",Virgin Islands,17.729124,-64.7589156
"Gainesville, GA",Georgia,34.2978794,-83.8240663
"Pikeville, KY",Kentucky,37.4792672,-82.5187629
"Glasgow, MT",Montana,48.1955915,-106.635556
"Brattleboro, VT",Vermont,42.8507588,-72.5572913
"Fergus Falls, MN",Minnesota,46.283015,-96.077558
"Tukwila, WA",Washington,47.4627356,-122.2559156
"Florence, AL",Alabama,29.425701,-98.4674863
"Durango, CO",Colorado,37.2769484,-107.8766
"Lufkin, TX",Texas,31.3386242,-94.7288558
"Lander, WY",Wyoming,38.110021,-84.5317774
"Rome, GA",Georgia,34.257038,-85.1646726
"Durant, OK",Oklahoma,33.9919761,-96.3776762
"Colonial Heights, VA",Virginia,37.2555718,-77.4112016
"Newnan, GA",Georgia,33.3806716,-84.7996573
"Ashland, KY",Kentucky,38.4784144,-82.6379387
"Studio City, CA",California,34.1483989,-118.3961877
"New Albany, IN",Indiana,38.2856247,-85.8241312
"New Town, ND",North Dakota,47.980848,-102.49018
"Wilkes Barre, PA",Pennsylvania,41.2464824,-75.8817316
"Big Stone Gap, VA",Virginia,36.8677938,-82.7742267
"Statesboro, GA",Georgia,32.4490141,-81.7832912
"Williamsburg, VA",Virginia,37.2712497,-76.700035
"Rio Grande City, TX",Texas,26.3827771,-98.8205251
"Middletown, NY",New York,41.45011,-74.4164807
"Rock Island, IA",Iowa,41.5239641,-95.4367014
